{  "encoding" : "UTF-8",
   "local" : {
      "cam1" : {
         "blendWidth" : [ 0.1000000014901161 ],
         "eye" : [ -0.7290289402008057, 0.5386280417442322, 0.5271778106689453 ],
         "fov" : [ 62.86229705810547 ],
         "principalPoint" : [ 0.5147801041603088, 1.076307535171509 ],
         "size" : [ 1920.0, 1200.0 ],
         "target" : [ 0.01747983694076538, -0.08113628625869751, 0.7692869305610657 ],
         "type" : "camera",
         "up" : [ -0.2135980278253555, 0.1213939785957336, 0.9693499803543091 ]
      },
      "cam2" : {
         "blendWidth" : [ 0.1000000014901161 ],
         "eye" : [ 0.8143487572669983, 0.3263224959373474, 0.5249719619750977 ],
         "fov" : [ 63.41186141967773 ],
         "principalPoint" : [ 0.5102457404136658, 1.030170917510986 ],
         "size" : [ 1920.0, 1200.0 ],
         "target" : [ -0.1006117463111877, -0.05634883046150208, 0.6530732512474060 ],
         "type" : "camera",
         "up" : [ 0.1319728642702103, 0.01623808965086937, 0.9911203384399414 ]
      },
      "cam3" : {
         "blendWidth" : [ 0.1000000014901161 ],
         "eye" : [ -0.1168484911322594, -0.8639233708381653, 0.5214605927467346 ],
         "fov" : [ 63.81425476074219 ],
         "principalPoint" : [ 0.5166788101196289, 1.067746639251709 ],
         "size" : [ 1920.0, 1200.0 ],
         "target" : [ -0.05084337294101715, 0.1027063727378845, 0.7689890861511230 ],
         "type" : "camera",
         "up" : [ -0.06554698944091797, -0.2433333098888397, 0.9677255153656006 ]
      },
      "cam4" : {
         "blendWidth" : [ 0.1000000014901161 ],
         "eye" : [ -0.5384223461151123, 0.6527198553085327, -0.4301874935626984 ],
         "fov" : [ 55.61483383178711 ],
         "principalPoint" : [ 0.5156128406524658, 0.1227134466171265 ],
         "size" : [ 1920.0, 1200.0 ],
         "target" : [ -0.06747341156005859, 0.1035800576210022, 0.2602129280567169 ],
         "type" : "camera",
         "up" : [ -0.4360023140907288, 0.5354598164558411, 0.7233151793479919 ]
      },
      "gui" : {
         "type" : "gui",
         "size" : [1920, 1200]
      },
      "image" : {
         "file" : "color_map.png",
         "srgb" : [ 1 ],
         "type" : "image"
      },
      "links" : [
         [ "mesh", "object" ],
         [ "object", "cam1" ],
         [ "object", "cam2" ],
         [ "object", "cam3" ],
         [ "object", "cam4" ],
         [ "object", "gui" ],
         [ "shmimage", "texture" ],
         [ "texture", "object" ],
         [ "cam1", "win1" ],
         [ "cam2", "win2" ],
         [ "cam3", "win3" ],
         [ "cam4", "win4" ],
         [ "gui", "win1" ]
      ],
      "mesh" : {
         "file" : "panodome_230.obj",
         "type" : "mesh"
      },
      "object" : {
         "fill" : [ "wireframe" ],
         "position" : [ 0.0, 0.0, 0.0 ],
         "scale" : [ 1.0, 1.0, 1.0 ],
         "sideness" : [ 2 ],
         "type" : "object"
      },
      "shmimage" : {
         "file" : "/tmp/switcher_default_video_video-0",
         "srgb" : [ 1 ],
         "type" : "image_shmdata"
      },
      "texture" : {
         "type" : "texture"
      },
      "win1" : {
         "fullscreen" : [ 0 ],
         "type" : "window"
      },
      "win2" : {
         "fullscreen" : [ 1 ],
         "type" : "window"
      },
      "win3" : {
         "fullscreen" : [ 2 ],
         "type" : "window"
      },
      "win4" : {
         "fullscreen" : [ 3 ],
         "type" : "window"
      }
   },
   "scenes" : [
      {
         "address" : "localhost",
         "name" : "local"
      }
   ]
}
